all-MiniLM-L6-v2,Backend Engineer,Game Designer,0.8907031416893005,2024-06-10 16:38:34
all-MiniLM-L6-v2,Backend Engineer,Graphic Designer,0.8774147629737854,2024-06-10 16:38:34
all-MiniLM-L6-v2,Backend Engineer,Mobile Designer,0.8743501901626587,2024-06-10 16:38:34
all-MiniLM-L6-v2,Backend Engineer,UI UX Designer,0.8531246781349182,2024-06-10 16:38:34
all-MiniLM-L6-v2,Backend Engineer,Visual Designer,0.8883099555969238,2024-06-10 16:38:34
all-MiniLM-L6-v2,Backend Engineer,Web Designer,0.8711109161376953,2024-06-10 16:38:34
all-MiniLM-L6-v2,Backend Engineer,Embedded Software Engineer,0.9291122555732727,2024-06-10 16:38:34
all-MiniLM-L6-v2,Backend Engineer,Mobile Engineer,0.9152060151100159,2024-06-10 16:38:34
all-MiniLM-L6-v2,Backend Engineer,Full-stack Engineer,0.8847412467002869,2024-06-10 16:38:34
all-MiniLM-L6-v2,Backend Engineer,Front-end Engineer,0.9219086766242981,2024-06-10 16:38:34
all-MiniLM-L6-v2,Backend Engineer,Back-end Engineer,0.9399375915527344,2024-06-10 16:38:34
all-MiniLM-L6-v2,Backend Engineer,Machine Learning Engineer,0.9182242751121521,2024-06-10 16:38:34
all-MiniLM-L6-v2,Backend Engineer,AI Engineer,0.9132209420204163,2024-06-10 16:38:34
all-MiniLM-L6-v2,Backend Engineer,Cloud Engineer,0.8975859880447388,2024-06-10 16:38:34
all-MiniLM-L6-v2,Backend Engineer,Cloud Security Engineer,0.9187397360801697,2024-06-10 16:38:34
all-MiniLM-L6-v2,Backend Engineer,Computer Vision Engineer,0.8820452094078064,2024-06-10 16:38:34
all-MiniLM-L6-v2,Backend Engineer,Cybersecurity Engineer,0.8872825503349304,2024-06-10 16:38:34
all-MiniLM-L6-v2,Backend Engineer,Data Analyst,0.8557969331741333,2024-06-10 16:38:34
all-MiniLM-L6-v2,Backend Engineer,Database Administrator,0.8323153853416443,2024-06-10 16:38:34
all-MiniLM-L6-v2,Backend Engineer,Data Engineer,0.9078582525253296,2024-06-10 16:38:34
all-MiniLM-L6-v2,Backend Engineer,Data Scientist,0.8775320053100586,2024-06-10 16:38:34
all-MiniLM-L6-v2,Backend Engineer,DevOps Engineer,0.9445632696151733,2024-06-10 16:38:34
all-MiniLM-L6-v2,Backend Engineer,Site Reliability Engineer,0.9197915196418762,2024-06-10 16:38:34
all-MiniLM-L6-v2,Backend Engineer,Software Engineer,0.9205437302589417,2024-06-10 16:38:34
all-MiniLM-L6-v2,Backend Engineer,Product Manager,0.878440797328949,2024-06-10 16:38:34
all-MiniLM-L6-v2,Backend Engineer,Business Analyst,0.8771570324897766,2024-06-10 16:38:34
all-MiniLM-L6-v2,Backend Engineer,Product Owner,0.8805838823318481,2024-06-10 16:38:34
all-MiniLM-L6-v2,Backend Engineer,Agile Coach,0.8881658911705017,2024-06-10 16:38:34
all-MiniLM-L6-v2,Backend Engineer,Scrum Master,0.8908276557922363,2024-06-10 16:38:34
all-MiniLM-L6-v2,Backend Engineer,Project Manager,0.8553760051727295,2024-06-10 16:38:34
all-MiniLM-L6-v2,Backend Engineer,IT Project Manager,0.8468466997146606,2024-06-10 16:38:34
all-MiniLM-L6-v2,Backend Engineer,Software Project Manager,0.8736966252326965,2024-06-10 16:38:34
all-MiniLM-L6-v2,Backend Engineer,Automation Test Engineer,0.9063253402709961,2024-06-10 16:38:34
all-MiniLM-L6-v2,Backend Engineer,Manual Test Engineer,0.9064205288887024,2024-06-10 16:38:34
all-MiniLM-L6-v2,Backend Engineer,Embedded Software Tester,0.8489551544189453,2024-06-10 16:38:34
all-MiniLM-L6-v2,Backend Engineer,Manual Tester,0.862183153629303,2024-06-10 16:38:34
all-MiniLM-L6-v2,Backend Engineer,Automation Tester,0.8833451271057129,2024-06-10 16:38:34
all-MiniLM-L6-v2,Backend Engineer,Quality Assurance Engineer,0.9075111150741577,2024-06-10 16:38:34
all-MiniLM-L6-v2,Backend Engineer,QA QC Engineer,0.8908833861351013,2024-06-10 16:38:34
all-MiniLM-L6-v2,Frontend Engineer,Game Designer,0.8829993009567261,2024-06-10 16:38:35
all-MiniLM-L6-v2,Frontend Engineer,Graphic Designer,0.8693834543228149,2024-06-10 16:38:35
all-MiniLM-L6-v2,Frontend Engineer,Mobile Designer,0.8668797016143799,2024-06-10 16:38:35
all-MiniLM-L6-v2,Frontend Engineer,UI UX Designer,0.8408778309822083,2024-06-10 16:38:35
all-MiniLM-L6-v2,Frontend Engineer,Visual Designer,0.8804265260696411,2024-06-10 16:38:35
all-MiniLM-L6-v2,Frontend Engineer,Web Designer,0.8668215274810791,2024-06-10 16:38:35
all-MiniLM-L6-v2,Frontend Engineer,Embedded Software Engineer,0.9228131175041199,2024-06-10 16:38:35
all-MiniLM-L6-v2,Frontend Engineer,Mobile Engineer,0.9122431874275208,2024-06-10 16:38:35
all-MiniLM-L6-v2,Frontend Engineer,Full-stack Engineer,0.8828766345977783,2024-06-10 16:38:35
all-MiniLM-L6-v2,Frontend Engineer,Front-end Engineer,0.947144091129303,2024-06-10 16:38:35
all-MiniLM-L6-v2,Frontend Engineer,Back-end Engineer,0.923796534538269,2024-06-10 16:38:35
all-MiniLM-L6-v2,Frontend Engineer,Machine Learning Engineer,0.9133659601211548,2024-06-10 16:38:35
all-MiniLM-L6-v2,Frontend Engineer,AI Engineer,0.9119350910186768,2024-06-10 16:38:35
all-MiniLM-L6-v2,Frontend Engineer,Cloud Engineer,0.8869657516479492,2024-06-10 16:38:35
all-MiniLM-L6-v2,Frontend Engineer,Cloud Security Engineer,0.9086124300956726,2024-06-10 16:38:35
all-MiniLM-L6-v2,Frontend Engineer,Computer Vision Engineer,0.8782244920730591,2024-06-10 16:38:35
all-MiniLM-L6-v2,Frontend Engineer,Cybersecurity Engineer,0.8785698413848877,2024-06-10 16:38:35
all-MiniLM-L6-v2,Frontend Engineer,Data Analyst,0.8453182578086853,2024-06-10 16:38:35
all-MiniLM-L6-v2,Frontend Engineer,Database Administrator,0.8212579488754272,2024-06-10 16:38:35
all-MiniLM-L6-v2,Frontend Engineer,Data Engineer,0.9012014865875244,2024-06-10 16:38:35
all-MiniLM-L6-v2,Frontend Engineer,Data Scientist,0.871639609336853,2024-06-10 16:38:35
all-MiniLM-L6-v2,Frontend Engineer,DevOps Engineer,0.9357854127883911,2024-06-10 16:38:35
all-MiniLM-L6-v2,Frontend Engineer,Site Reliability Engineer,0.9138447046279907,2024-06-10 16:38:35
all-MiniLM-L6-v2,Frontend Engineer,Software Engineer,0.9167758226394653,2024-06-10 16:38:35
all-MiniLM-L6-v2,Frontend Engineer,Product Manager,0.8768426179885864,2024-06-10 16:38:35
all-MiniLM-L6-v2,Frontend Engineer,Business Analyst,0.8742727041244507,2024-06-10 16:38:35
all-MiniLM-L6-v2,Frontend Engineer,Product Owner,0.8818295001983643,2024-06-10 16:38:35
all-MiniLM-L6-v2,Frontend Engineer,Agile Coach,0.8803484439849854,2024-06-10 16:38:35
all-MiniLM-L6-v2,Frontend Engineer,Scrum Master,0.88358473777771,2024-06-10 16:38:35
all-MiniLM-L6-v2,Frontend Engineer,Project Manager,0.8515671491622925,2024-06-10 16:38:35
all-MiniLM-L6-v2,Frontend Engineer,IT Project Manager,0.8422387838363647,2024-06-10 16:38:35
all-MiniLM-L6-v2,Frontend Engineer,Software Project Manager,0.8682013750076294,2024-06-10 16:38:35
all-MiniLM-L6-v2,Frontend Engineer,Automation Test Engineer,0.9013837575912476,2024-06-10 16:38:35
all-MiniLM-L6-v2,Frontend Engineer,Manual Test Engineer,0.9028231501579285,2024-06-10 16:38:35
all-MiniLM-L6-v2,Frontend Engineer,Embedded Software Tester,0.8434776067733765,2024-06-10 16:38:35
all-MiniLM-L6-v2,Frontend Engineer,Manual Tester,0.8589414358139038,2024-06-10 16:38:35
all-MiniLM-L6-v2,Frontend Engineer,Automation Tester,0.8777835369110107,2024-06-10 16:38:35
all-MiniLM-L6-v2,Frontend Engineer,Quality Assurance Engineer,0.8990625143051147,2024-06-10 16:38:35
all-MiniLM-L6-v2,Frontend Engineer,QA QC Engineer,0.8819230794906616,2024-06-10 16:38:35
all-MiniLM-L6-v2,Java Developer,Game Designer,0.9255843758583069,2024-06-10 16:38:36
all-MiniLM-L6-v2,Java Developer,Graphic Designer,0.9143069982528687,2024-06-10 16:38:36
all-MiniLM-L6-v2,Java Developer,Mobile Designer,0.9056532979011536,2024-06-10 16:38:36
all-MiniLM-L6-v2,Java Developer,UI UX Designer,0.8546230792999268,2024-06-10 16:38:36
all-MiniLM-L6-v2,Java Developer,Visual Designer,0.9198193550109863,2024-06-10 16:38:36
all-MiniLM-L6-v2,Java Developer,Web Designer,0.9057934284210205,2024-06-10 16:38:36
all-MiniLM-L6-v2,Java Developer,Embedded Software Engineer,0.897064208984375,2024-06-10 16:38:36
all-MiniLM-L6-v2,Java Developer,Mobile Engineer,0.8988769054412842,2024-06-10 16:38:36
all-MiniLM-L6-v2,Java Developer,Full-stack Engineer,0.8363397717475891,2024-06-10 16:38:36
all-MiniLM-L6-v2,Java Developer,Front-end Engineer,0.8614507913589478,2024-06-10 16:38:36
all-MiniLM-L6-v2,Java Developer,Back-end Engineer,0.8714162707328796,2024-06-10 16:38:36
all-MiniLM-L6-v2,Java Developer,Machine Learning Engineer,0.8728720545768738,2024-06-10 16:38:36
all-MiniLM-L6-v2,Java Developer,AI Engineer,0.9052061438560486,2024-06-10 16:38:36
all-MiniLM-L6-v2,Java Developer,Cloud Engineer,0.8788735866546631,2024-06-10 16:38:36
all-MiniLM-L6-v2,Java Developer,Cloud Security Engineer,0.8674746155738831,2024-06-10 16:38:36
all-MiniLM-L6-v2,Java Developer,Computer Vision Engineer,0.8415862321853638,2024-06-10 16:38:36
all-MiniLM-L6-v2,Java Developer,Cybersecurity Engineer,0.8590701222419739,2024-06-10 16:38:36
all-MiniLM-L6-v2,Java Developer,Data Analyst,0.8757840991020203,2024-06-10 16:38:36
all-MiniLM-L6-v2,Java Developer,Database Administrator,0.8703835010528564,2024-06-10 16:38:36
all-MiniLM-L6-v2,Java Developer,Data Engineer,0.9034786224365234,2024-06-10 16:38:36
all-MiniLM-L6-v2,Java Developer,Data Scientist,0.8805161118507385,2024-06-10 16:38:36
all-MiniLM-L6-v2,Java Developer,DevOps Engineer,0.9013249278068542,2024-06-10 16:38:36
all-MiniLM-L6-v2,Java Developer,Site Reliability Engineer,0.8643903136253357,2024-06-10 16:38:36
all-MiniLM-L6-v2,Java Developer,Software Engineer,0.9253248572349548,2024-06-10 16:38:36
all-MiniLM-L6-v2,Java Developer,Product Manager,0.9042098522186279,2024-06-10 16:38:36
all-MiniLM-L6-v2,Java Developer,Business Analyst,0.9000246524810791,2024-06-10 16:38:36
all-MiniLM-L6-v2,Java Developer,Product Owner,0.9111629724502563,2024-06-10 16:38:36
all-MiniLM-L6-v2,Java Developer,Agile Coach,0.9083263874053955,2024-06-10 16:38:36
all-MiniLM-L6-v2,Java Developer,Scrum Master,0.889191210269928,2024-06-10 16:38:36
all-MiniLM-L6-v2,Java Developer,Project Manager,0.8729982376098633,2024-06-10 16:38:36
all-MiniLM-L6-v2,Java Developer,IT Project Manager,0.8432131409645081,2024-06-10 16:38:36
all-MiniLM-L6-v2,Java Developer,Software Project Manager,0.8715922832489014,2024-06-10 16:38:36
all-MiniLM-L6-v2,Java Developer,Automation Test Engineer,0.8653637766838074,2024-06-10 16:38:36
all-MiniLM-L6-v2,Java Developer,Manual Test Engineer,0.8576902151107788,2024-06-10 16:38:36
all-MiniLM-L6-v2,Java Developer,Embedded Software Tester,0.8538321256637573,2024-06-10 16:38:36
all-MiniLM-L6-v2,Java Developer,Manual Tester,0.8616743087768555,2024-06-10 16:38:36
all-MiniLM-L6-v2,Java Developer,Automation Tester,0.8878224492073059,2024-06-10 16:38:36
all-MiniLM-L6-v2,Java Developer,Quality Assurance Engineer,0.8533972501754761,2024-06-10 16:38:36
all-MiniLM-L6-v2,Java Developer,QA QC Engineer,0.8575791120529175,2024-06-10 16:38:36
all-MiniLM-L6-v2,Python Engineer,Game Designer,0.9091950058937073,2024-06-10 16:38:37
all-MiniLM-L6-v2,Python Engineer,Graphic Designer,0.8953998684883118,2024-06-10 16:38:37
all-MiniLM-L6-v2,Python Engineer,Mobile Designer,0.8912962675094604,2024-06-10 16:38:37
all-MiniLM-L6-v2,Python Engineer,UI UX Designer,0.8395087718963623,2024-06-10 16:38:37
all-MiniLM-L6-v2,Python Engineer,Visual Designer,0.9044721722602844,2024-06-10 16:38:37
all-MiniLM-L6-v2,Python Engineer,Web Designer,0.8820643424987793,2024-06-10 16:38:37
all-MiniLM-L6-v2,Python Engineer,Embedded Software Engineer,0.9093664288520813,2024-06-10 16:38:37
all-MiniLM-L6-v2,Python Engineer,Mobile Engineer,0.9540636539459229,2024-06-10 16:38:37
all-MiniLM-L6-v2,Python Engineer,Full-stack Engineer,0.8793359994888306,2024-06-10 16:38:37
all-MiniLM-L6-v2,Python Engineer,Front-end Engineer,0.8920581936836243,2024-06-10 16:38:37
all-MiniLM-L6-v2,Python Engineer,Back-end Engineer,0.9097878336906433,2024-06-10 16:38:37
all-MiniLM-L6-v2,Python Engineer,Machine Learning Engineer,0.916324257850647,2024-06-10 16:38:37
all-MiniLM-L6-v2,Python Engineer,AI Engineer,0.9604493379592896,2024-06-10 16:38:37
all-MiniLM-L6-v2,Python Engineer,Cloud Engineer,0.9338338971138,2024-06-10 16:38:37
all-MiniLM-L6-v2,Python Engineer,Cloud Security Engineer,0.9002020359039307,2024-06-10 16:38:37
all-MiniLM-L6-v2,Python Engineer,Computer Vision Engineer,0.8748946189880371,2024-06-10 16:38:37
all-MiniLM-L6-v2,Python Engineer,Cybersecurity Engineer,0.8950574398040771,2024-06-10 16:38:37
all-MiniLM-L6-v2,Python Engineer,Data Analyst,0.8726394176483154,2024-06-10 16:38:37
all-MiniLM-L6-v2,Python Engineer,Database Administrator,0.8314074277877808,2024-06-10 16:38:37
all-MiniLM-L6-v2,Python Engineer,Data Engineer,0.939931333065033,2024-06-10 16:38:37
all-MiniLM-L6-v2,Python Engineer,Data Scientist,0.9054235219955444,2024-06-10 16:38:37
all-MiniLM-L6-v2,Python Engineer,DevOps Engineer,0.9260056018829346,2024-06-10 16:38:37
all-MiniLM-L6-v2,Python Engineer,Site Reliability Engineer,0.8961484432220459,2024-06-10 16:38:37
all-MiniLM-L6-v2,Python Engineer,Software Engineer,0.9593076109886169,2024-06-10 16:38:37
all-MiniLM-L6-v2,Python Engineer,Product Manager,0.8882935047149658,2024-06-10 16:38:37
all-MiniLM-L6-v2,Python Engineer,Business Analyst,0.8934662938117981,2024-06-10 16:38:37
all-MiniLM-L6-v2,Python Engineer,Product Owner,0.89790278673172,2024-06-10 16:38:37
all-MiniLM-L6-v2,Python Engineer,Agile Coach,0.9040471315383911,2024-06-10 16:38:37
all-MiniLM-L6-v2,Python Engineer,Scrum Master,0.8788632154464722,2024-06-10 16:38:37
all-MiniLM-L6-v2,Python Engineer,Project Manager,0.871941328048706,2024-06-10 16:38:37
all-MiniLM-L6-v2,Python Engineer,IT Project Manager,0.8394883871078491,2024-06-10 16:38:37
all-MiniLM-L6-v2,Python Engineer,Software Project Manager,0.8649475574493408,2024-06-10 16:38:37
all-MiniLM-L6-v2,Python Engineer,Automation Test Engineer,0.9018651247024536,2024-06-10 16:38:37
all-MiniLM-L6-v2,Python Engineer,Manual Test Engineer,0.8962904214859009,2024-06-10 16:38:37
all-MiniLM-L6-v2,Python Engineer,Embedded Software Tester,0.8406839370727539,2024-06-10 16:38:37
all-MiniLM-L6-v2,Python Engineer,Manual Tester,0.8657643795013428,2024-06-10 16:38:37
all-MiniLM-L6-v2,Python Engineer,Automation Tester,0.8914068937301636,2024-06-10 16:38:37
all-MiniLM-L6-v2,Python Engineer,Quality Assurance Engineer,0.8843319416046143,2024-06-10 16:38:37
all-MiniLM-L6-v2,Python Engineer,QA QC Engineer,0.8978025913238525,2024-06-10 16:38:37
all-MiniLM-L6-v2,Data Scientist,Game Designer,0.8915656208992004,2024-06-10 16:38:38
all-MiniLM-L6-v2,Data Scientist,Graphic Designer,0.8884388208389282,2024-06-10 16:38:38
all-MiniLM-L6-v2,Data Scientist,Mobile Designer,0.8753845691680908,2024-06-10 16:38:38
all-MiniLM-L6-v2,Data Scientist,UI UX Designer,0.8112355470657349,2024-06-10 16:38:38
all-MiniLM-L6-v2,Data Scientist,Visual Designer,0.8887519240379333,2024-06-10 16:38:38
all-MiniLM-L6-v2,Data Scientist,Web Designer,0.8700158596038818,2024-06-10 16:38:38
all-MiniLM-L6-v2,Data Scientist,Embedded Software Engineer,0.8832705616950989,2024-06-10 16:38:38
all-MiniLM-L6-v2,Data Scientist,Mobile Engineer,0.9071024656295776,2024-06-10 16:38:38
all-MiniLM-L6-v2,Data Scientist,Full-stack Engineer,0.8436567783355713,2024-06-10 16:38:38
all-MiniLM-L6-v2,Data Scientist,Front-end Engineer,0.8578633666038513,2024-06-10 16:38:38
all-MiniLM-L6-v2,Data Scientist,Back-end Engineer,0.8735260963439941,2024-06-10 16:38:38
all-MiniLM-L6-v2,Data Scientist,Machine Learning Engineer,0.8967643976211548,2024-06-10 16:38:38
all-MiniLM-L6-v2,Data Scientist,AI Engineer,0.9129644632339478,2024-06-10 16:38:38
all-MiniLM-L6-v2,Data Scientist,Cloud Engineer,0.9012855291366577,2024-06-10 16:38:38
all-MiniLM-L6-v2,Data Scientist,Cloud Security Engineer,0.8865505456924438,2024-06-10 16:38:38
all-MiniLM-L6-v2,Data Scientist,Computer Vision Engineer,0.8670685291290283,2024-06-10 16:38:38
all-MiniLM-L6-v2,Data Scientist,Cybersecurity Engineer,0.8696748614311218,2024-06-10 16:38:38
all-MiniLM-L6-v2,Data Scientist,Data Analyst,0.9493304491043091,2024-06-10 16:38:38
all-MiniLM-L6-v2,Data Scientist,Database Administrator,0.8688457012176514,2024-06-10 16:38:38
all-MiniLM-L6-v2,Data Scientist,Data Engineer,0.9726877212524414,2024-06-10 16:38:38
all-MiniLM-L6-v2,Data Scientist,Data Scientist,1.0000004768371582,2024-06-10 16:38:38
all-MiniLM-L6-v2,Data Scientist,DevOps Engineer,0.8861541748046875,2024-06-10 16:38:38
all-MiniLM-L6-v2,Data Scientist,Site Reliability Engineer,0.8739686012268066,2024-06-10 16:38:38
all-MiniLM-L6-v2,Data Scientist,Software Engineer,0.9240664839744568,2024-06-10 16:38:38
all-MiniLM-L6-v2,Data Scientist,Product Manager,0.8895867466926575,2024-06-10 16:38:38
all-MiniLM-L6-v2,Data Scientist,Business Analyst,0.901964545249939,2024-06-10 16:38:38
all-MiniLM-L6-v2,Data Scientist,Product Owner,0.8957109451293945,2024-06-10 16:38:38
all-MiniLM-L6-v2,Data Scientist,Agile Coach,0.887791633605957,2024-06-10 16:38:38
all-MiniLM-L6-v2,Data Scientist,Scrum Master,0.8620736002922058,2024-06-10 16:38:38
all-MiniLM-L6-v2,Data Scientist,Project Manager,0.8677760362625122,2024-06-10 16:38:38
all-MiniLM-L6-v2,Data Scientist,IT Project Manager,0.8336466550827026,2024-06-10 16:38:38
all-MiniLM-L6-v2,Data Scientist,Software Project Manager,0.8567343354225159,2024-06-10 16:38:38
all-MiniLM-L6-v2,Data Scientist,Automation Test Engineer,0.8750609159469604,2024-06-10 16:38:38
all-MiniLM-L6-v2,Data Scientist,Manual Test Engineer,0.8697147369384766,2024-06-10 16:38:38
all-MiniLM-L6-v2,Data Scientist,Embedded Software Tester,0.8402227163314819,2024-06-10 16:38:38
all-MiniLM-L6-v2,Data Scientist,Manual Tester,0.8611341118812561,2024-06-10 16:38:38
all-MiniLM-L6-v2,Data Scientist,Automation Tester,0.879097580909729,2024-06-10 16:38:38
all-MiniLM-L6-v2,Data Scientist,Quality Assurance Engineer,0.8620100021362305,2024-06-10 16:38:38
all-MiniLM-L6-v2,Data Scientist,QA QC Engineer,0.8674684762954712,2024-06-10 16:38:38
all-MiniLM-L6-v2,UI Designer,Game Designer,0.9484440088272095,2024-06-10 16:38:39
all-MiniLM-L6-v2,UI Designer,Graphic Designer,0.9418074488639832,2024-06-10 16:38:39
all-MiniLM-L6-v2,UI Designer,Mobile Designer,0.947954535484314,2024-06-10 16:38:39
all-MiniLM-L6-v2,UI Designer,UI UX Designer,0.9282694458961487,2024-06-10 16:38:39
all-MiniLM-L6-v2,UI Designer,Visual Designer,0.9512521624565125,2024-06-10 16:38:39
all-MiniLM-L6-v2,UI Designer,Web Designer,0.9198029041290283,2024-06-10 16:38:39
all-MiniLM-L6-v2,UI Designer,Embedded Software Engineer,0.8621602058410645,2024-06-10 16:38:39
all-MiniLM-L6-v2,UI Designer,Mobile Engineer,0.889872670173645,2024-06-10 16:38:39
all-MiniLM-L6-v2,UI Designer,Full-stack Engineer,0.8134068846702576,2024-06-10 16:38:39
all-MiniLM-L6-v2,UI Designer,Front-end Engineer,0.8416305780410767,2024-06-10 16:38:39
all-MiniLM-L6-v2,UI Designer,Back-end Engineer,0.8538487553596497,2024-06-10 16:38:39
all-MiniLM-L6-v2,UI Designer,Machine Learning Engineer,0.8447025418281555,2024-06-10 16:38:39
all-MiniLM-L6-v2,UI Designer,AI Engineer,0.8930120468139648,2024-06-10 16:38:39
all-MiniLM-L6-v2,UI Designer,Cloud Engineer,0.8687365651130676,2024-06-10 16:38:39
all-MiniLM-L6-v2,UI Designer,Cloud Security Engineer,0.8526265621185303,2024-06-10 16:38:39
all-MiniLM-L6-v2,UI Designer,Computer Vision Engineer,0.8400493264198303,2024-06-10 16:38:39
all-MiniLM-L6-v2,UI Designer,Cybersecurity Engineer,0.841288149356842,2024-06-10 16:38:39
all-MiniLM-L6-v2,UI Designer,Data Analyst,0.8564003705978394,2024-06-10 16:38:39
all-MiniLM-L6-v2,UI Designer,Database Administrator,0.8434967994689941,2024-06-10 16:38:39
all-MiniLM-L6-v2,UI Designer,Data Engineer,0.8833376169204712,2024-06-10 16:38:39
all-MiniLM-L6-v2,UI Designer,Data Scientist,0.8514317274093628,2024-06-10 16:38:39
all-MiniLM-L6-v2,UI Designer,DevOps Engineer,0.8703604340553284,2024-06-10 16:38:39
all-MiniLM-L6-v2,UI Designer,Site Reliability Engineer,0.8390449285507202,2024-06-10 16:38:39
all-MiniLM-L6-v2,UI Designer,Software Engineer,0.895552933216095,2024-06-10 16:38:39
all-MiniLM-L6-v2,UI Designer,Product Manager,0.8891308307647705,2024-06-10 16:38:39
all-MiniLM-L6-v2,UI Designer,Business Analyst,0.8794610500335693,2024-06-10 16:38:39
all-MiniLM-L6-v2,UI Designer,Product Owner,0.8901926875114441,2024-06-10 16:38:39
all-MiniLM-L6-v2,UI Designer,Agile Coach,0.8858577609062195,2024-06-10 16:38:39
all-MiniLM-L6-v2,UI Designer,Scrum Master,0.8523420095443726,2024-06-10 16:38:39
all-MiniLM-L6-v2,UI Designer,Project Manager,0.8645012378692627,2024-06-10 16:38:39
all-MiniLM-L6-v2,UI Designer,IT Project Manager,0.831943690776825,2024-06-10 16:38:39
all-MiniLM-L6-v2,UI Designer,Software Project Manager,0.8478251695632935,2024-06-10 16:38:39
all-MiniLM-L6-v2,UI Designer,Automation Test Engineer,0.8300958275794983,2024-06-10 16:38:39
all-MiniLM-L6-v2,UI Designer,Manual Test Engineer,0.8246167302131653,2024-06-10 16:38:39
all-MiniLM-L6-v2,UI Designer,Embedded Software Tester,0.8096619844436646,2024-06-10 16:38:39
all-MiniLM-L6-v2,UI Designer,Manual Tester,0.826481282711029,2024-06-10 16:38:39
all-MiniLM-L6-v2,UI Designer,Automation Tester,0.8559472560882568,2024-06-10 16:38:39
all-MiniLM-L6-v2,UI Designer,Quality Assurance Engineer,0.8307542204856873,2024-06-10 16:38:39
all-MiniLM-L6-v2,UI Designer,QA QC Engineer,0.8451067209243774,2024-06-10 16:38:39
all-MiniLM-L6-v2,Cloud Security Engineer,Game Designer,0.8799742460250854,2024-06-10 16:38:40
all-MiniLM-L6-v2,Cloud Security Engineer,Graphic Designer,0.8659483194351196,2024-06-10 16:38:40
all-MiniLM-L6-v2,Cloud Security Engineer,Mobile Designer,0.8692885637283325,2024-06-10 16:38:40
all-MiniLM-L6-v2,Cloud Security Engineer,UI UX Designer,0.8366634845733643,2024-06-10 16:38:40
all-MiniLM-L6-v2,Cloud Security Engineer,Visual Designer,0.8729003667831421,2024-06-10 16:38:40
all-MiniLM-L6-v2,Cloud Security Engineer,Web Designer,0.8683388829231262,2024-06-10 16:38:40
all-MiniLM-L6-v2,Cloud Security Engineer,Embedded Software Engineer,0.9254235029220581,2024-06-10 16:38:40
all-MiniLM-L6-v2,Cloud Security Engineer,Mobile Engineer,0.9076114892959595,2024-06-10 16:38:40
all-MiniLM-L6-v2,Cloud Security Engineer,Full-stack Engineer,0.864149272441864,2024-06-10 16:38:40
all-MiniLM-L6-v2,Cloud Security Engineer,Front-end Engineer,0.8708787560462952,2024-06-10 16:38:40
all-MiniLM-L6-v2,Cloud Security Engineer,Back-end Engineer,0.8859940767288208,2024-06-10 16:38:40
all-MiniLM-L6-v2,Cloud Security Engineer,Machine Learning Engineer,0.9110455513000488,2024-06-10 16:38:40
all-MiniLM-L6-v2,Cloud Security Engineer,AI Engineer,0.9062296748161316,2024-06-10 16:38:40
all-MiniLM-L6-v2,Cloud Security Engineer,Cloud Engineer,0.943770170211792,2024-06-10 16:38:40
all-MiniLM-L6-v2,Cloud Security Engineer,Cloud Security Engineer,1.0000003576278687,2024-06-10 16:38:40
all-MiniLM-L6-v2,Cloud Security Engineer,Computer Vision Engineer,0.9046863913536072,2024-06-10 16:38:40
all-MiniLM-L6-v2,Cloud Security Engineer,Cybersecurity Engineer,0.9061784148216248,2024-06-10 16:38:40
all-MiniLM-L6-v2,Cloud Security Engineer,Data Analyst,0.8687524795532227,2024-06-10 16:38:40
all-MiniLM-L6-v2,Cloud Security Engineer,Database Administrator,0.8262786865234375,2024-06-10 16:38:40
all-MiniLM-L6-v2,Cloud Security Engineer,Data Engineer,0.9138070940971375,2024-06-10 16:38:40
all-MiniLM-L6-v2,Cloud Security Engineer,Data Scientist,0.886550784111023,2024-06-10 16:38:40
all-MiniLM-L6-v2,Cloud Security Engineer,DevOps Engineer,0.9307857751846313,2024-06-10 16:38:40
all-MiniLM-L6-v2,Cloud Security Engineer,Site Reliability Engineer,0.9184272885322571,2024-06-10 16:38:40
all-MiniLM-L6-v2,Cloud Security Engineer,Software Engineer,0.9131609797477722,2024-06-10 16:38:40
all-MiniLM-L6-v2,Cloud Security Engineer,Product Manager,0.8716689944267273,2024-06-10 16:38:40
all-MiniLM-L6-v2,Cloud Security Engineer,Business Analyst,0.8783528804779053,2024-06-10 16:38:40
all-MiniLM-L6-v2,Cloud Security Engineer,Product Owner,0.877341091632843,2024-06-10 16:38:40
all-MiniLM-L6-v2,Cloud Security Engineer,Agile Coach,0.8745555877685547,2024-06-10 16:38:40
all-MiniLM-L6-v2,Cloud Security Engineer,Scrum Master,0.8701228499412537,2024-06-10 16:38:40
all-MiniLM-L6-v2,Cloud Security Engineer,Project Manager,0.8519713282585144,2024-06-10 16:38:40
all-MiniLM-L6-v2,Cloud Security Engineer,IT Project Manager,0.8417130708694458,2024-06-10 16:38:40
all-MiniLM-L6-v2,Cloud Security Engineer,Software Project Manager,0.8763285875320435,2024-06-10 16:38:40
all-MiniLM-L6-v2,Cloud Security Engineer,Automation Test Engineer,0.9048612117767334,2024-06-10 16:38:40
all-MiniLM-L6-v2,Cloud Security Engineer,Manual Test Engineer,0.8933130502700806,2024-06-10 16:38:40
all-MiniLM-L6-v2,Cloud Security Engineer,Embedded Software Tester,0.8490497469902039,2024-06-10 16:38:40
all-MiniLM-L6-v2,Cloud Security Engineer,Manual Tester,0.8518080711364746,2024-06-10 16:38:40
all-MiniLM-L6-v2,Cloud Security Engineer,Automation Tester,0.8826850056648254,2024-06-10 16:38:40
all-MiniLM-L6-v2,Cloud Security Engineer,Quality Assurance Engineer,0.9061203002929688,2024-06-10 16:38:40
all-MiniLM-L6-v2,Cloud Security Engineer,QA QC Engineer,0.880323588848114,2024-06-10 16:38:40
all-MiniLM-L6-v2,Manual Tester,Game Designer,0.8489600419998169,2024-06-10 16:38:41
all-MiniLM-L6-v2,Manual Tester,Graphic Designer,0.8432632684707642,2024-06-10 16:38:41
all-MiniLM-L6-v2,Manual Tester,Mobile Designer,0.8344358205795288,2024-06-10 16:38:41
all-MiniLM-L6-v2,Manual Tester,UI UX Designer,0.8073199987411499,2024-06-10 16:38:41
all-MiniLM-L6-v2,Manual Tester,Visual Designer,0.8525860905647278,2024-06-10 16:38:41
all-MiniLM-L6-v2,Manual Tester,Web Designer,0.8198038339614868,2024-06-10 16:38:41
all-MiniLM-L6-v2,Manual Tester,Embedded Software Engineer,0.8687757253646851,2024-06-10 16:38:41
all-MiniLM-L6-v2,Manual Tester,Mobile Engineer,0.8588985204696655,2024-06-10 16:38:41
all-MiniLM-L6-v2,Manual Tester,Full-stack Engineer,0.8269058465957642,2024-06-10 16:38:41
all-MiniLM-L6-v2,Manual Tester,Front-end Engineer,0.8383744359016418,2024-06-10 16:38:41
all-MiniLM-L6-v2,Manual Tester,Back-end Engineer,0.8519504070281982,2024-06-10 16:38:41
all-MiniLM-L6-v2,Manual Tester,Machine Learning Engineer,0.8609002828598022,2024-06-10 16:38:41
all-MiniLM-L6-v2,Manual Tester,AI Engineer,0.8668449521064758,2024-06-10 16:38:41
all-MiniLM-L6-v2,Manual Tester,Cloud Engineer,0.8347172141075134,2024-06-10 16:38:41
all-MiniLM-L6-v2,Manual Tester,Cloud Security Engineer,0.851807713508606,2024-06-10 16:38:41
all-MiniLM-L6-v2,Manual Tester,Computer Vision Engineer,0.8390791416168213,2024-06-10 16:38:41
all-MiniLM-L6-v2,Manual Tester,Cybersecurity Engineer,0.84639972448349,2024-06-10 16:38:41
all-MiniLM-L6-v2,Manual Tester,Data Analyst,0.8426241874694824,2024-06-10 16:38:41
all-MiniLM-L6-v2,Manual Tester,Database Administrator,0.8056570291519165,2024-06-10 16:38:41
all-MiniLM-L6-v2,Manual Tester,Data Engineer,0.8703851103782654,2024-06-10 16:38:41
all-MiniLM-L6-v2,Manual Tester,Data Scientist,0.8611340522766113,2024-06-10 16:38:41
all-MiniLM-L6-v2,Manual Tester,DevOps Engineer,0.8762094974517822,2024-06-10 16:38:41
all-MiniLM-L6-v2,Manual Tester,Site Reliability Engineer,0.8700230121612549,2024-06-10 16:38:41
all-MiniLM-L6-v2,Manual Tester,Software Engineer,0.8762110471725464,2024-06-10 16:38:41
all-MiniLM-L6-v2,Manual Tester,Product Manager,0.8591521382331848,2024-06-10 16:38:41
all-MiniLM-L6-v2,Manual Tester,Business Analyst,0.854528546333313,2024-06-10 16:38:41
all-MiniLM-L6-v2,Manual Tester,Product Owner,0.8693174123764038,2024-06-10 16:38:41
all-MiniLM-L6-v2,Manual Tester,Agile Coach,0.8565937280654907,2024-06-10 16:38:41
all-MiniLM-L6-v2,Manual Tester,Scrum Master,0.8659639358520508,2024-06-10 16:38:41
all-MiniLM-L6-v2,Manual Tester,Project Manager,0.8246427774429321,2024-06-10 16:38:41
all-MiniLM-L6-v2,Manual Tester,IT Project Manager,0.8269774913787842,2024-06-10 16:38:41
all-MiniLM-L6-v2,Manual Tester,Software Project Manager,0.8424769639968872,2024-06-10 16:38:41
all-MiniLM-L6-v2,Manual Tester,Automation Test Engineer,0.9325441718101501,2024-06-10 16:38:41
all-MiniLM-L6-v2,Manual Tester,Manual Test Engineer,0.9584188461303711,2024-06-10 16:38:41
all-MiniLM-L6-v2,Manual Tester,Embedded Software Tester,0.8726751804351807,2024-06-10 16:38:41
all-MiniLM-L6-v2,Manual Tester,Manual Tester,1.0000007152557373,2024-06-10 16:38:41
all-MiniLM-L6-v2,Manual Tester,Automation Tester,0.9635009169578552,2024-06-10 16:38:41
all-MiniLM-L6-v2,Manual Tester,Quality Assurance Engineer,0.8626287579536438,2024-06-10 16:38:41
all-MiniLM-L6-v2,Manual Tester,QA QC Engineer,0.8417559266090393,2024-06-10 16:38:41
all-MiniLM-L6-v2,Agile Coach,Game Designer,0.9118291139602661,2024-06-10 16:38:42
all-MiniLM-L6-v2,Agile Coach,Graphic Designer,0.8951536417007446,2024-06-10 16:38:42
all-MiniLM-L6-v2,Agile Coach,Mobile Designer,0.8990175127983093,2024-06-10 16:38:42
all-MiniLM-L6-v2,Agile Coach,UI UX Designer,0.8444678783416748,2024-06-10 16:38:42
all-MiniLM-L6-v2,Agile Coach,Visual Designer,0.9066404700279236,2024-06-10 16:38:42
all-MiniLM-L6-v2,Agile Coach,Web Designer,0.8787250518798828,2024-06-10 16:38:42
all-MiniLM-L6-v2,Agile Coach,Embedded Software Engineer,0.8827120065689087,2024-06-10 16:38:42
all-MiniLM-L6-v2,Agile Coach,Mobile Engineer,0.9106707572937012,2024-06-10 16:38:42
all-MiniLM-L6-v2,Agile Coach,Full-stack Engineer,0.8500803709030151,2024-06-10 16:38:42
all-MiniLM-L6-v2,Agile Coach,Front-end Engineer,0.865522027015686,2024-06-10 16:38:42
all-MiniLM-L6-v2,Agile Coach,Back-end Engineer,0.8829734325408936,2024-06-10 16:38:42
all-MiniLM-L6-v2,Agile Coach,Machine Learning Engineer,0.890687108039856,2024-06-10 16:38:42
all-MiniLM-L6-v2,Agile Coach,AI Engineer,0.9161580801010132,2024-06-10 16:38:42
all-MiniLM-L6-v2,Agile Coach,Cloud Engineer,0.8922006487846375,2024-06-10 16:38:42
all-MiniLM-L6-v2,Agile Coach,Cloud Security Engineer,0.8745547533035278,2024-06-10 16:38:42
all-MiniLM-L6-v2,Agile Coach,Computer Vision Engineer,0.8485206365585327,2024-06-10 16:38:42
all-MiniLM-L6-v2,Agile Coach,Cybersecurity Engineer,0.8658685684204102,2024-06-10 16:38:42
all-MiniLM-L6-v2,Agile Coach,Data Analyst,0.8931732177734375,2024-06-10 16:38:42
all-MiniLM-L6-v2,Agile Coach,Database Administrator,0.864585280418396,2024-06-10 16:38:42
all-MiniLM-L6-v2,Agile Coach,Data Engineer,0.9054155349731445,2024-06-10 16:38:42
all-MiniLM-L6-v2,Agile Coach,Data Scientist,0.8877912759780884,2024-06-10 16:38:42
all-MiniLM-L6-v2,Agile Coach,DevOps Engineer,0.8927745819091797,2024-06-10 16:38:42
all-MiniLM-L6-v2,Agile Coach,Site Reliability Engineer,0.8714015483856201,2024-06-10 16:38:42
all-MiniLM-L6-v2,Agile Coach,Software Engineer,0.9152163863182068,2024-06-10 16:38:42
all-MiniLM-L6-v2,Agile Coach,Product Manager,0.9152291417121887,2024-06-10 16:38:42
all-MiniLM-L6-v2,Agile Coach,Business Analyst,0.9226676225662231,2024-06-10 16:38:42
all-MiniLM-L6-v2,Agile Coach,Product Owner,0.9078593254089355,2024-06-10 16:38:42
all-MiniLM-L6-v2,Agile Coach,Agile Coach,1.0000007152557373,2024-06-10 16:38:42
all-MiniLM-L6-v2,Agile Coach,Scrum Master,0.9146387577056885,2024-06-10 16:38:42
all-MiniLM-L6-v2,Agile Coach,Project Manager,0.8913561105728149,2024-06-10 16:38:42
all-MiniLM-L6-v2,Agile Coach,IT Project Manager,0.8486855030059814,2024-06-10 16:38:42
all-MiniLM-L6-v2,Agile Coach,Software Project Manager,0.8703925609588623,2024-06-10 16:38:42
all-MiniLM-L6-v2,Agile Coach,Automation Test Engineer,0.8736664652824402,2024-06-10 16:38:42
all-MiniLM-L6-v2,Agile Coach,Manual Test Engineer,0.8599068522453308,2024-06-10 16:38:42
all-MiniLM-L6-v2,Agile Coach,Embedded Software Tester,0.8352636098861694,2024-06-10 16:38:42
all-MiniLM-L6-v2,Agile Coach,Manual Tester,0.8565933704376221,2024-06-10 16:38:42
all-MiniLM-L6-v2,Agile Coach,Automation Tester,0.8952667713165283,2024-06-10 16:38:42
all-MiniLM-L6-v2,Agile Coach,Quality Assurance Engineer,0.8617691993713379,2024-06-10 16:38:42
all-MiniLM-L6-v2,Agile Coach,QA QC Engineer,0.8757039308547974,2024-06-10 16:38:42
all-MiniLM-L6-v2,Software Project Manager,Game Designer,0.8677353858947754,2024-06-10 16:38:43
all-MiniLM-L6-v2,Software Project Manager,Graphic Designer,0.8575108051300049,2024-06-10 16:38:43
all-MiniLM-L6-v2,Software Project Manager,Mobile Designer,0.8521832823753357,2024-06-10 16:38:43
all-MiniLM-L6-v2,Software Project Manager,UI UX Designer,0.820162296295166,2024-06-10 16:38:43
all-MiniLM-L6-v2,Software Project Manager,Visual Designer,0.86473548412323,2024-06-10 16:38:43
all-MiniLM-L6-v2,Software Project Manager,Web Designer,0.8425331115722656,2024-06-10 16:38:43
all-MiniLM-L6-v2,Software Project Manager,Embedded Software Engineer,0.9020072221755981,2024-06-10 16:38:43
all-MiniLM-L6-v2,Software Project Manager,Mobile Engineer,0.8641013503074646,2024-06-10 16:38:43
all-MiniLM-L6-v2,Software Project Manager,Full-stack Engineer,0.8219064474105835,2024-06-10 16:38:43
all-MiniLM-L6-v2,Software Project Manager,Front-end Engineer,0.8424873948097229,2024-06-10 16:38:43
all-MiniLM-L6-v2,Software Project Manager,Back-end Engineer,0.8504705429077148,2024-06-10 16:38:43
all-MiniLM-L6-v2,Software Project Manager,Machine Learning Engineer,0.8727269172668457,2024-06-10 16:38:43
all-MiniLM-L6-v2,Software Project Manager,AI Engineer,0.8671590685844421,2024-06-10 16:38:43
all-MiniLM-L6-v2,Software Project Manager,Cloud Engineer,0.8456099033355713,2024-06-10 16:38:43
all-MiniLM-L6-v2,Software Project Manager,Cloud Security Engineer,0.8763279318809509,2024-06-10 16:38:43
all-MiniLM-L6-v2,Software Project Manager,Computer Vision Engineer,0.8642561435699463,2024-06-10 16:38:43
all-MiniLM-L6-v2,Software Project Manager,Cybersecurity Engineer,0.8499412536621094,2024-06-10 16:38:43
all-MiniLM-L6-v2,Software Project Manager,Data Analyst,0.8481288552284241,2024-06-10 16:38:43
all-MiniLM-L6-v2,Software Project Manager,Database Administrator,0.8363733291625977,2024-06-10 16:38:43
all-MiniLM-L6-v2,Software Project Manager,Data Engineer,0.8774982690811157,2024-06-10 16:38:43
all-MiniLM-L6-v2,Software Project Manager,Data Scientist,0.856734037399292,2024-06-10 16:38:43
all-MiniLM-L6-v2,Software Project Manager,DevOps Engineer,0.8848520517349243,2024-06-10 16:38:43
all-MiniLM-L6-v2,Software Project Manager,Site Reliability Engineer,0.8589543104171753,2024-06-10 16:38:43
all-MiniLM-L6-v2,Software Project Manager,Software Engineer,0.9153660535812378,2024-06-10 16:38:43
all-MiniLM-L6-v2,Software Project Manager,Product Manager,0.8907027840614319,2024-06-10 16:38:43
all-MiniLM-L6-v2,Software Project Manager,Business Analyst,0.8594399690628052,2024-06-10 16:38:43
all-MiniLM-L6-v2,Software Project Manager,Product Owner,0.8519513607025146,2024-06-10 16:38:43
all-MiniLM-L6-v2,Software Project Manager,Agile Coach,0.8703926801681519,2024-06-10 16:38:43
all-MiniLM-L6-v2,Software Project Manager,Scrum Master,0.8597946166992188,2024-06-10 16:38:43
all-MiniLM-L6-v2,Software Project Manager,Project Manager,0.9251214265823364,2024-06-10 16:38:43
all-MiniLM-L6-v2,Software Project Manager,IT Project Manager,0.9521064758300781,2024-06-10 16:38:43
all-MiniLM-L6-v2,Software Project Manager,Software Project Manager,1.0000007152557373,2024-06-10 16:38:43
all-MiniLM-L6-v2,Software Project Manager,Automation Test Engineer,0.8690589666366577,2024-06-10 16:38:43
all-MiniLM-L6-v2,Software Project Manager,Manual Test Engineer,0.8548547625541687,2024-06-10 16:38:43
all-MiniLM-L6-v2,Software Project Manager,Embedded Software Tester,0.8489246964454651,2024-06-10 16:38:43
all-MiniLM-L6-v2,Software Project Manager,Manual Tester,0.8424768447875977,2024-06-10 16:38:43
all-MiniLM-L6-v2,Software Project Manager,Automation Tester,0.8720517754554749,2024-06-10 16:38:43
all-MiniLM-L6-v2,Software Project Manager,Quality Assurance Engineer,0.8481756448745728,2024-06-10 16:38:43
all-MiniLM-L6-v2,Software Project Manager,QA QC Engineer,0.8384758830070496,2024-06-10 16:38:43
all-MiniLM-L6-v2,QA Engineer,Game Designer,0.8949431777000427,2024-06-10 16:38:44
all-MiniLM-L6-v2,QA Engineer,Graphic Designer,0.8712047338485718,2024-06-10 16:38:44
all-MiniLM-L6-v2,QA Engineer,Mobile Designer,0.8795071840286255,2024-06-10 16:38:44
all-MiniLM-L6-v2,QA Engineer,UI UX Designer,0.8553955554962158,2024-06-10 16:38:44
all-MiniLM-L6-v2,QA Engineer,Visual Designer,0.8843098282814026,2024-06-10 16:38:44
all-MiniLM-L6-v2,QA Engineer,Web Designer,0.8601813316345215,2024-06-10 16:38:44
all-MiniLM-L6-v2,QA Engineer,Embedded Software Engineer,0.9185904264450073,2024-06-10 16:38:44
all-MiniLM-L6-v2,QA Engineer,Mobile Engineer,0.9243389368057251,2024-06-10 16:38:44
all-MiniLM-L6-v2,QA Engineer,Full-stack Engineer,0.8658680319786072,2024-06-10 16:38:44
all-MiniLM-L6-v2,QA Engineer,Front-end Engineer,0.8879673480987549,2024-06-10 16:38:44
all-MiniLM-L6-v2,QA Engineer,Back-end Engineer,0.9026800990104675,2024-06-10 16:38:44
all-MiniLM-L6-v2,QA Engineer,Machine Learning Engineer,0.9298994541168213,2024-06-10 16:38:44
all-MiniLM-L6-v2,QA Engineer,AI Engineer,0.928105354309082,2024-06-10 16:38:44
all-MiniLM-L6-v2,QA Engineer,Cloud Engineer,0.9008446931838989,2024-06-10 16:38:44
all-MiniLM-L6-v2,QA Engineer,Cloud Security Engineer,0.9206276535987854,2024-06-10 16:38:44
all-MiniLM-L6-v2,QA Engineer,Computer Vision Engineer,0.8953604102134705,2024-06-10 16:38:44
all-MiniLM-L6-v2,QA Engineer,Cybersecurity Engineer,0.8887495398521423,2024-06-10 16:38:44
all-MiniLM-L6-v2,QA Engineer,Data Analyst,0.8617954850196838,2024-06-10 16:38:44
all-MiniLM-L6-v2,QA Engineer,Database Administrator,0.8269001841545105,2024-06-10 16:38:44
all-MiniLM-L6-v2,QA Engineer,Data Engineer,0.9098278284072876,2024-06-10 16:38:44
all-MiniLM-L6-v2,QA Engineer,Data Scientist,0.8854207396507263,2024-06-10 16:38:44
all-MiniLM-L6-v2,QA Engineer,DevOps Engineer,0.9383305311203003,2024-06-10 16:38:44
all-MiniLM-L6-v2,QA Engineer,Site Reliability Engineer,0.9116197824478149,2024-06-10 16:38:44
all-MiniLM-L6-v2,QA Engineer,Software Engineer,0.9197959899902344,2024-06-10 16:38:44
all-MiniLM-L6-v2,QA Engineer,Product Manager,0.8753246068954468,2024-06-10 16:38:44
all-MiniLM-L6-v2,QA Engineer,Business Analyst,0.8808266520500183,2024-06-10 16:38:44
all-MiniLM-L6-v2,QA Engineer,Product Owner,0.8875910639762878,2024-06-10 16:38:44
all-MiniLM-L6-v2,QA Engineer,Agile Coach,0.8883370757102966,2024-06-10 16:38:44
all-MiniLM-L6-v2,QA Engineer,Scrum Master,0.8914079070091248,2024-06-10 16:38:44
all-MiniLM-L6-v2,QA Engineer,Project Manager,0.8525364398956299,2024-06-10 16:38:44
all-MiniLM-L6-v2,QA Engineer,IT Project Manager,0.8443717956542969,2024-06-10 16:38:44
all-MiniLM-L6-v2,QA Engineer,Software Project Manager,0.8675389289855957,2024-06-10 16:38:44
all-MiniLM-L6-v2,QA Engineer,Automation Test Engineer,0.9112869501113892,2024-06-10 16:38:44
all-MiniLM-L6-v2,QA Engineer,Manual Test Engineer,0.9095782041549683,2024-06-10 16:38:44
all-MiniLM-L6-v2,QA Engineer,Embedded Software Tester,0.8383766412734985,2024-06-10 16:38:44
all-MiniLM-L6-v2,QA Engineer,Manual Tester,0.8642604351043701,2024-06-10 16:38:44
all-MiniLM-L6-v2,QA Engineer,Automation Tester,0.8849221467971802,2024-06-10 16:38:44
all-MiniLM-L6-v2,QA Engineer,Quality Assurance Engineer,0.9224450588226318,2024-06-10 16:38:44
all-MiniLM-L6-v2,QA Engineer,QA QC Engineer,0.9519571661949158,2024-06-10 16:38:44
all-MiniLM-L6-v2,Product Owner,Game Designer,0.9270961284637451,2024-06-10 16:38:45
all-MiniLM-L6-v2,Product Owner,Graphic Designer,0.9089062809944153,2024-06-10 16:38:45
all-MiniLM-L6-v2,Product Owner,Mobile Designer,0.9034186005592346,2024-06-10 16:38:45
all-MiniLM-L6-v2,Product Owner,UI UX Designer,0.8457140922546387,2024-06-10 16:38:45
all-MiniLM-L6-v2,Product Owner,Visual Designer,0.9196683168411255,2024-06-10 16:38:45
all-MiniLM-L6-v2,Product Owner,Web Designer,0.8934856057167053,2024-06-10 16:38:45
all-MiniLM-L6-v2,Product Owner,Embedded Software Engineer,0.8790728449821472,2024-06-10 16:38:45
all-MiniLM-L6-v2,Product Owner,Mobile Engineer,0.9056047201156616,2024-06-10 16:38:45
all-MiniLM-L6-v2,Product Owner,Full-stack Engineer,0.8519284725189209,2024-06-10 16:38:45
all-MiniLM-L6-v2,Product Owner,Front-end Engineer,0.8637557029724121,2024-06-10 16:38:45
all-MiniLM-L6-v2,Product Owner,Back-end Engineer,0.8745334148406982,2024-06-10 16:38:45
all-MiniLM-L6-v2,Product Owner,Machine Learning Engineer,0.8653304576873779,2024-06-10 16:38:45
all-MiniLM-L6-v2,Product Owner,AI Engineer,0.9148194193840027,2024-06-10 16:38:45
all-MiniLM-L6-v2,Product Owner,Cloud Engineer,0.8904067873954773,2024-06-10 16:38:45
all-MiniLM-L6-v2,Product Owner,Cloud Security Engineer,0.8773404955863953,2024-06-10 16:38:45
all-MiniLM-L6-v2,Product Owner,Computer Vision Engineer,0.8575250506401062,2024-06-10 16:38:45
all-MiniLM-L6-v2,Product Owner,Cybersecurity Engineer,0.8629388809204102,2024-06-10 16:38:45
all-MiniLM-L6-v2,Product Owner,Data Analyst,0.8849250078201294,2024-06-10 16:38:45
all-MiniLM-L6-v2,Product Owner,Database Administrator,0.8661594390869141,2024-06-10 16:38:45
all-MiniLM-L6-v2,Product Owner,Data Engineer,0.9117211103439331,2024-06-10 16:38:45
all-MiniLM-L6-v2,Product Owner,Data Scientist,0.8957105875015259,2024-06-10 16:38:45
all-MiniLM-L6-v2,Product Owner,DevOps Engineer,0.8938412666320801,2024-06-10 16:38:45
all-MiniLM-L6-v2,Product Owner,Site Reliability Engineer,0.8722519874572754,2024-06-10 16:38:45
all-MiniLM-L6-v2,Product Owner,Software Engineer,0.9142925143241882,2024-06-10 16:38:45
all-MiniLM-L6-v2,Product Owner,Product Manager,0.9589022994041443,2024-06-10 16:38:45
all-MiniLM-L6-v2,Product Owner,Business Analyst,0.9153001308441162,2024-06-10 16:38:45
all-MiniLM-L6-v2,Product Owner,Product Owner,1.0000011920928955,2024-06-10 16:38:45
all-MiniLM-L6-v2,Product Owner,Agile Coach,0.9078595042228699,2024-06-10 16:38:45
all-MiniLM-L6-v2,Product Owner,Scrum Master,0.8963768482208252,2024-06-10 16:38:45
all-MiniLM-L6-v2,Product Owner,Project Manager,0.877800464630127,2024-06-10 16:38:45
all-MiniLM-L6-v2,Product Owner,IT Project Manager,0.8314551115036011,2024-06-10 16:38:45
all-MiniLM-L6-v2,Product Owner,Software Project Manager,0.8519514203071594,2024-06-10 16:38:45
all-MiniLM-L6-v2,Product Owner,Automation Test Engineer,0.8660788536071777,2024-06-10 16:38:45
all-MiniLM-L6-v2,Product Owner,Manual Test Engineer,0.8579463958740234,2024-06-10 16:38:45
all-MiniLM-L6-v2,Product Owner,Embedded Software Tester,0.8378133177757263,2024-06-10 16:38:45
all-MiniLM-L6-v2,Product Owner,Manual Tester,0.8693171739578247,2024-06-10 16:38:45
all-MiniLM-L6-v2,Product Owner,Automation Tester,0.9007229208946228,2024-06-10 16:38:45
all-MiniLM-L6-v2,Product Owner,Quality Assurance Engineer,0.862317681312561,2024-06-10 16:38:45
all-MiniLM-L6-v2,Product Owner,QA QC Engineer,0.8674207925796509,2024-06-10 16:38:45
all-MiniLM-L6-v2,Machine Learning Engineer,Game Designer,0.886078953742981,2024-06-10 16:38:46
all-MiniLM-L6-v2,Machine Learning Engineer,Graphic Designer,0.8623478412628174,2024-06-10 16:38:46
all-MiniLM-L6-v2,Machine Learning Engineer,Mobile Designer,0.8583916425704956,2024-06-10 16:38:46
all-MiniLM-L6-v2,Machine Learning Engineer,UI UX Designer,0.827434778213501,2024-06-10 16:38:46
all-MiniLM-L6-v2,Machine Learning Engineer,Visual Designer,0.8731141090393066,2024-06-10 16:38:46
all-MiniLM-L6-v2,Machine Learning Engineer,Web Designer,0.8484253883361816,2024-06-10 16:38:46
all-MiniLM-L6-v2,Machine Learning Engineer,Embedded Software Engineer,0.9248883128166199,2024-06-10 16:38:46
all-MiniLM-L6-v2,Machine Learning Engineer,Mobile Engineer,0.9142130613327026,2024-06-10 16:38:46
all-MiniLM-L6-v2,Machine Learning Engineer,Full-stack Engineer,0.870121955871582,2024-06-10 16:38:46
all-MiniLM-L6-v2,Machine Learning Engineer,Front-end Engineer,0.8831789493560791,2024-06-10 16:38:46
all-MiniLM-L6-v2,Machine Learning Engineer,Back-end Engineer,0.8972359299659729,2024-06-10 16:38:46
all-MiniLM-L6-v2,Machine Learning Engineer,Machine Learning Engineer,1.0000007152557373,2024-06-10 16:38:46
all-MiniLM-L6-v2,Machine Learning Engineer,AI Engineer,0.936113715171814,2024-06-10 16:38:46
all-MiniLM-L6-v2,Machine Learning Engineer,Cloud Engineer,0.8937956094741821,2024-06-10 16:38:46
all-MiniLM-L6-v2,Machine Learning Engineer,Cloud Security Engineer,0.9110448360443115,2024-06-10 16:38:46
all-MiniLM-L6-v2,Machine Learning Engineer,Computer Vision Engineer,0.9188688397407532,2024-06-10 16:38:46
all-MiniLM-L6-v2,Machine Learning Engineer,Cybersecurity Engineer,0.8947030305862427,2024-06-10 16:38:46
all-MiniLM-L6-v2,Machine Learning Engineer,Data Analyst,0.8655102252960205,2024-06-10 16:38:46
all-MiniLM-L6-v2,Machine Learning Engineer,Database Administrator,0.8129433393478394,2024-06-10 16:38:46
all-MiniLM-L6-v2,Machine Learning Engineer,Data Engineer,0.9172775745391846,2024-06-10 16:38:46
all-MiniLM-L6-v2,Machine Learning Engineer,Data Scientist,0.8967639207839966,2024-06-10 16:38:46
all-MiniLM-L6-v2,Machine Learning Engineer,DevOps Engineer,0.923143208026886,2024-06-10 16:38:46
all-MiniLM-L6-v2,Machine Learning Engineer,Site Reliability Engineer,0.9150238037109375,2024-06-10 16:38:46
all-MiniLM-L6-v2,Machine Learning Engineer,Software Engineer,0.928728461265564,2024-06-10 16:38:46
all-MiniLM-L6-v2,Machine Learning Engineer,Product Manager,0.8585712909698486,2024-06-10 16:38:46
all-MiniLM-L6-v2,Machine Learning Engineer,Business Analyst,0.873226523399353,2024-06-10 16:38:46
all-MiniLM-L6-v2,Machine Learning Engineer,Product Owner,0.8653302788734436,2024-06-10 16:38:46
all-MiniLM-L6-v2,Machine Learning Engineer,Agile Coach,0.890687108039856,2024-06-10 16:38:46
all-MiniLM-L6-v2,Machine Learning Engineer,Scrum Master,0.8761668801307678,2024-06-10 16:38:46
all-MiniLM-L6-v2,Machine Learning Engineer,Project Manager,0.8471705317497253,2024-06-10 16:38:46
all-MiniLM-L6-v2,Machine Learning Engineer,IT Project Manager,0.8419066667556763,2024-06-10 16:38:46
all-MiniLM-L6-v2,Machine Learning Engineer,Software Project Manager,0.8727267384529114,2024-06-10 16:38:46
all-MiniLM-L6-v2,Machine Learning Engineer,Automation Test Engineer,0.9214736819267273,2024-06-10 16:38:46
all-MiniLM-L6-v2,Machine Learning Engineer,Manual Test Engineer,0.9151121377944946,2024-06-10 16:38:46
all-MiniLM-L6-v2,Machine Learning Engineer,Embedded Software Tester,0.8419047594070435,2024-06-10 16:38:46
all-MiniLM-L6-v2,Machine Learning Engineer,Manual Tester,0.8608999252319336,2024-06-10 16:38:46
all-MiniLM-L6-v2,Machine Learning Engineer,Automation Tester,0.886458158493042,2024-06-10 16:38:46
all-MiniLM-L6-v2,Machine Learning Engineer,Quality Assurance Engineer,0.9036351442337036,2024-06-10 16:38:46
all-MiniLM-L6-v2,Machine Learning Engineer,QA QC Engineer,0.8902605772018433,2024-06-10 16:38:46
